,ID,Name,Industry,Inception,Employees,State,City,Revenue,Expenses,Profit,Growth
431,432,Placehospitable,Retail,2012.0,23.0,ID,Coeur d Alene,"$1,45,76,493","1,925,321 Dollars",12651172.0,19%
325,326,Overstridden,IT Services,2011.0,55.0,NJ,Trenton,"$1,41,21,713","1,422,672 Dollars",12699041.0,29%
108,109,Zenware,Health,2012.0,37.0,CO,Centennial,"$95,90,886","3,692,982 Dollars",5897904.0,4%
262,263,Gleanworn,IT Services,2012.0,9.0,MI,Sterling Heights,"$1,58,61,214","9,046,498 Dollars",6814716.0,24%
215,216,Deliciousgeometry,IT Services,2010.0,30.0,CA,Walnut,"$1,68,64,251","2,661,258 Dollars",14202993.0,18%
315,316,Pomiculturist,Retail,2010.0,5.0,CO,Littleton,"$80,40,353","7,221,104 Dollars",819249.0,12%
70,71,Sailtech,Software,2012.0,850.0,CA,Santa Clara,"$45,43,509","4,474,647 Dollars",68862.0,21%
464,465,Dashedcompounds,IT Services,2014.0,59.0,CA,San Ramon,"$1,27,91,846","7,879,018 Dollars",4912828.0,23%
279,280,Rageenvious,IT Services,2009.0,25.0,MD,Savage,"$1,25,01,734","3,330,829 Dollars",9170905.0,25%
9,10,Stripfind,Financial Services,2010.0,25.0,FL,Boca Raton,"$1,23,29,371","916,455 Dollars",11412916.0,20%
193,194,Medbase,Software,2013.0,17.0,GA,Roswell,"$86,95,169","4,473,383 Dollars",4221786.0,20%
341,342,Turbidimetry,Software,2010.0,195.0,CA,Los Angeles,"$1,00,67,223","8,007,771 Dollars",2059452.0,21%
129,130,Lacorporation,Software,2011.0,73.0,CA,San Diego,"$51,52,561","4,897,146 Dollars",255415.0,19%
357,358,Fixnummodus,Health,2009.0,100.0,CA,Carlsbad,"$90,15,238","5,042,568 Dollars",3972670.0,9%
289,290,Dingalingflee,Retail,2011.0,44.0,IL,Tinley Park,"$1,28,96,887","6,187,326 Dollars",6709561.0,17%
179,180,Greenfan,Government Services,2013.0,35.0,TX,San Antonio,"$1,02,28,294","6,751,232 Dollars",3477062.0,9%
89,90,Vivadom,Software,2010.0,72.0,CA,Santa Barbara,"$51,90,812","3,656,514 Dollars",1534298.0,17%
384,385,Stupidarboreal,IT Services,2002.0,36.0,PA,Philadelphia,"$1,64,35,362","5,130,874 Dollars",11304488.0,20%
298,299,Damedash,Construction,2012.0,48.0,CA,San Diego,"$52,15,835","3,877,333 Dollars",1338502.0,11%
484,485,Foxwml,Health,2011.0,48.0,PA,Plymouth Meeting,"$1,00,72,452","8,335,458 Dollars",1736994.0,6%
399,400,Oraclemend,IT Services,2012.0,250.0,TX,Houston,"$1,60,43,821","8,701,267 Dollars",7342554.0,21%
380,381,Rattlemurrelet,Health,2013.0,12.0,GA,Woodstock,"$74,96,334","6,186,394 Dollars",1309940.0,8%
444,445,Linkedallianz,Health,2011.0,332.0,OH,Columbus,"$63,00,572","5,606,412 Dollars",694160.0,5%
68,69,Hexhouse,Software,2006.0,668.0,MA,Cambridge,"$1,02,21,740","1,885,810 Dollars",8335930.0,14%
14,15,Cityace,,2010.0,25.0,CO,Louisville,"$92,54,614","6,249,498 Dollars",3005116.0,6%
34,35,Mediahex,IT Services,2005.0,29.0,TX,Houston,"$1,47,72,570","3,685,640 Dollars",11086930.0,19%
233,234,Vertextractor,IT Services,2012.0,41.0,MD,Hanover,"$1,10,92,909","8,516,661 Dollars",2576248.0,26%
246,247,Chestnutanorexia,Government Services,2013.0,30.0,VA,Stafford,"$83,33,540","6,025,148 Dollars",2308392.0,5%
381,382,Scalptowhee,Retail,2011.0,100.0,MI,Commerce Township,"$75,03,230","1,830,110 Dollars",5673120.0,12%
469,470,Dessertsanchovy,Government Services,2012.0,124.0,CA,San Diego,"$1,10,59,461","4,744,277 Dollars",6315184.0,1%
235,236,Ritelepus,Software,2013.0,818.0,CA,San Luis Obispo,"$56,62,326","4,932,726 Dollars",729600.0,19%
312,313,Beetleheaded,IT Services,2010.0,130.0,TX,Irving,"$1,31,09,837","4,971,120 Dollars",8138717.0,19%
280,281,Rinkmusic,Health,2013.0,37.0,NY,Westbury,"$1,15,33,498","9,331,421 Dollars",2202077.0,5%
195,196,Jayphase,Software,2014.0,62.0,CA,San Diego,"$58,92,054","4,938,867 Dollars",953187.0,16%
275,276,Appaloosasmiling,IT Services,2010.0,75.0,NC,Charlotte,"$1,57,44,688","4,750,543 Dollars",10994145.0,22%
339,340,Unforegone,Financial Services,2009.0,37.0,TX,Austin,"$1,17,32,370","3,236,511 Dollars",8495859.0,17%
332,333,Suicided,Health,2014.0,29.0,NC,Hendersonville,"$71,45,863","6,519,467 Dollars",626396.0,3%
302,303,Clawasked,IT Services,2012.0,270.0,NJ,Iselin,"$1,58,83,703","5,267,075 Dollars",10616628.0,20%
252,253,Splashnuts,Construction,2012.0,272.0,FL,Apopka,"$1,10,04,547","3,182,829 Dollars",7821718.0,8%
432,433,Arabianagena,Retail,2013.0,195.0,MN,Minneapolis,"$1,39,41,632","4,887,652 Dollars",9053980.0,10%
460,461,Novelfollicle,Financial Services,2009.0,403.0,OK,Tulsa,"$1,10,28,550","2,379,097 Dollars",8649453.0,13%
493,494,Shrimpssecurity,Government Services,2009.0,104.0,DC,Washington,"$79,19,278","5,355,504 Dollars",2563774.0,5%
442,443,Measuresflipping,Financial Services,2009.0,430.0,TX,Fort Worth,"$1,17,30,457","5,832,473 Dollars",5897984.0,19%
65,66,Zathtone,Software,2009.0,121.0,NY,New York,"$89,53,759","4,069,681 Dollars",4884078.0,21%
207,208,Countslovenly,Construction,2010.0,45.0,FL,Spring Hill,"$83,80,367","8,213,905 Dollars",166462.0,10%
333,334,Tocantins,Financial Services,2009.0,290.0,VA,Tysons Corner,"$1,43,30,107","2,296,074 Dollars",12034033.0,15%
203,204,Hexdom,IT Services,2012.0,10.0,CA,Encino,"$1,07,24,413","4,126,154 Dollars",6598259.0,21%
248,249,Muttletpocket,IT Services,2012.0,36.0,UT,South Jordan,"$1,54,16,309","7,560,119 Dollars",7856190.0,17%
124,125,Citytrax,Financial Services,2010.0,21.0,UT,Sandy,"$1,08,91,038","989,656 Dollars",9901382.0,16%
374,375,Supportersfaint,Financial Services,2011.0,3.0,NY,Brooklyn,"$1,21,46,902","1,207,273 Dollars",10939629.0,14%
191,192,Fixlatcare,IT Services,2014.0,40.0,TX,Dallas,"$1,43,49,818","634,360 Dollars",13715458.0,23%
62,63,Sumzoomit,Construction,2010.0,32.0,MO,Lee's Summit,"$1,84,29,577","7,703,652 Dollars",10725925.0,19%
443,444,Ridglingshod,Health,2011.0,23.0,CA,San Diego,"$82,93,498","8,165,133 Dollars",128365.0,9%
488,489,Dwindlecertain,Government Services,2008.0,566.0,MD,Germantown,"$1,41,46,990","8,289,795 Dollars",5857195.0,4%
379,380,Pickyfive,IT Services,2011.0,45.0,CO,Denver,"$1,48,26,723","4,458,447 Dollars",10368276.0,26%
297,298,Freezehouses,IT Services,2011.0,175.0,SC,Mount Pleasant,"$1,30,62,368","4,786,821 Dollars",8275547.0,18%
330,331,Aspic,Retail,2001.0,130.0,NY,New York,"$1,04,98,414","4,645,617 Dollars",5852797.0,17%
449,450,Detritaldartford,Health,2012.0,50.0,MA,Cambridge,"$88,73,078","8,319,833 Dollars",553245.0,7%
391,392,Ascendermogul,Health,2014.0,50.0,IA,West Des Moines,"$1,14,90,135","6,083,093 Dollars",5407042.0,7%
132,133,Gogofan,Construction,2011.0,75.0,FL,Winter Garden,"$78,26,433","5,608,635 Dollars",2217798.0,9%
373,374,Bookingchildish,Retail,2009.0,10.0,NY,Whitestone,"$98,40,239","3,348,650 Dollars",6491589.0,17%
491,492,Pickledcanoeing,Retail,2012.0,16.0,OH,Medina,"$1,16,54,196","6,460,234 Dollars",5193962.0,10%
182,183,Ittech,IT Services,2013.0,45.0,MN,Minneapolis,"$1,11,33,739","6,544,488 Dollars",4589251.0,20%
485,486,Serpentineappeals,Financial Services,2013.0,48.0,NV,henderson,"$1,16,73,934","1,460,147 Dollars",10213787.0,23%
161,162,Zamfax,Government Services,2012.0,130.0,FL,Fort Walton Beach,"$98,86,455","1,320,669 Dollars",8565786.0,3%
85,86,Treeelectrics,Government Services,2013.0,485.0,VA,Clarksville,"$1,22,08,678","5,536,775 Dollars",6671903.0,-2%
316,317,Nomarchy,Construction,2010.0,24.0,NC,Charlotte,"$1,41,02,177","1,485,995 Dollars",12616182.0,9%
301,302,Frillyshaving,IT Services,2010.0,100.0,VA,Reston,"$1,38,60,540","2,442,826 Dollars",11417714.0,22%
348,349,Knock,Health,2009.0,25.0,CA,Hawthorne,"$81,57,191","6,602,535 Dollars",1554656.0,5%
154,155,Bignamjob,Health,2013.0,131.0,IL,Elk Grove Village,"$83,26,486","7,705,075 Dollars",621411.0,7%
303,304,Crystringed,Retail,2014.0,90.0,MN,Burnsville,"$1,22,45,078","3,649,280 Dollars",8595798.0,16%
447,448,Testingear,Construction,2012.0,10.0,TN,Nashville,"$1,06,51,148","4,539,151 Dollars",6111997.0,8%
128,129,Hayfan,Health,2012.0,97.0,CA,San Diego,"$96,78,127","6,001,114 Dollars",3677013.0,4%
377,378,Prunewatchful,Health,2011.0,329.0,SC,Mauldin,"$83,69,263","3,880,428 Dollars",4488835.0,5%
322,323,Anarchical,Health,2014.0,67.0,GA,Roswell,"$88,18,759","6,385,105 Dollars",2433654.0,7%
277,278,Expandcostgullible,IT Services,2012.0,25.0,VA,Chantilly,"$1,41,64,883","7,237,383 Dollars",6927500.0,25%
300,301,Gianttempting,IT Services,2001.0,6.0,GA,Woodstock,"$1,27,13,148","6,486,427 Dollars",6226721.0,20%
41,42,Iscom,Health,2013.0,595.0,CT,West Hartford,"$80,27,658","7,221,158 Dollars",806500.0,8%
441,442,Scullianpinwheel,Government Services,2011.0,760.0,MD,Bethesda,"$1,51,88,113","4,623,069 Dollars",10565044.0,3%
135,136,Xx-Com,Retail,2013.0,308.0,TX,Lubbock,"$1,55,33,083","2,163,836 Dollars",13369247.0,12%
60,61,Tempbam,Software,2013.0,134.0,WA,Seattle,"$89,80,591","6,089,130 Dollars",2891461.0,25%
387,388,Samsungclimbing,IT Services,2010.0,42.0,PA,Allentown,"$1,52,39,915","5,575,608 Dollars",9664307.0,22%
389,390,Cherriesplump,Financial Services,2011.0,605.0,TN,Nashville,"$1,15,03,959","1,757,807 Dollars",9746152.0,17%
30,31,Georedfase,IT Services,2008.0,19.0,VA,Vienna,"$1,31,65,222","810,126 Dollars",12355096.0,16%
455,456,Infectedduck,IT Services,2000.0,278.0,IL,Springfield,"$1,54,17,062","4,118,312 Dollars",11298750.0,20%
368,369,Puncturecorona,IT Services,2012.0,14.0,FL,Fort Lauderdale,"$1,51,08,405","2,813,781 Dollars",12294624.0,29%
42,43,Istone,Software,2011.0,50.0,VA,Reston,"$44,24,720","461,975 Dollars",3962745.0,20%
142,143,Lamlax,IT Services,2010.0,30.0,PA,Horsham,"$1,50,16,295","3,263,194 Dollars",11753101.0,17%
274,275,Laboredshocked,IT Services,2008.0,23.0,OR,Medford,"$1,70,10,460","1,876,606 Dollars",15133854.0,20%
109,110,Tamqvocone,Health,2013.0,979.0,TX,PEARLAND,"$90,45,108","7,727,397 Dollars",1317711.0,5%
236,237,Coiledsheriff,Software,2009.0,67.0,MA,Boston,"$23,67,964","639,513 Dollars",1728451.0,19%
249,250,Pluggedword,Retail,2009.0,9.0,FL,Pembroke Pines,"$1,23,80,676","3,107,320 Dollars",9273356.0,12%
187,188,Triotexon,Software,2011.0,96.0,FL,Tampa,"$93,39,798","1,298,258 Dollars",8041540.0,18%
358,359,Dullbocce,Government Services,2010.0,25.0,VA,Reston,"$1,12,10,858","5,323,160 Dollars",5887698.0,6%
304,305,Exactmunch,Software,2009.0,26.0,TX,Austin,"$37,23,332","1,956,849 Dollars",1766483.0,16%
148,149,Zimholding,IT Services,2002.0,7.0,OR,Portland,"$1,39,05,706","405,045 Dollars",13500661.0,21%
334,335,Exilarch,Financial Services,2011.0,47.0,FL,Naples,"$89,57,904","2,161,452 Dollars",6796452.0,19%
171,172,Fax-Street,Software,2011.0,54.0,CA,Aliso Viejo,"$44,36,616","4,175,332 Dollars",261284.0,15%
457,458,Moleculecircle,Retail,2013.0,16.0,FL,Tampa,"$1,30,94,661","1,026,548 Dollars",12068113.0,11%
366,367,Launchingillusion,Financial Services,2011.0,48.0,TX,Houston,"$92,05,547","2,861,975 Dollars",6343572.0,18%
121,122,Islotfind,IT Services,2013.0,30.0,DC,Washington,"$1,14,98,255","1,639,880 Dollars",9858375.0,24%
411,412,Fablescraper,IT Services,2009.0,12.0,MI,Kentwood,"$1,45,15,666","5,424,688 Dollars",9090978.0,26%
269,270,Pumpkinmothers,Health,2011.0,101.0,GA,Atlanta,"$98,37,182","6,500,700 Dollars",3336482.0,8%
165,166,Lamcare,Construction,1999.0,108.0,NY,Staten Island,"$75,47,716","5,232,913 Dollars",2314803.0,14%
57,58,Eremenko,Financial Services,2012.0,60.0,FL,Maitland,"$1,14,45,633","3,162,905 Dollars",8282728.0,15%
340,341,Getable,Software,2013.0,168.0,TX,Austin,"$80,43,049","5,763,238 Dollars",2279811.0,20%
48,49,Villadox,Construction,2012.0,20.0,CA,Carlsbad,"$86,51,649","1,097,353 Dollars",7554296.0,11%
234,235,Parkourwoodchat,IT Services,2013.0,110.0,OH,Cincinnati,"$1,28,53,705","6,339,352 Dollars",6514353.0,23%
369,370,Haulbittern,IT Services,2010.0,138.0,NY,New York,"$1,51,04,143","4,177,864 Dollars",10926279.0,24%
130,131,Ganjafan,Government Services,2010.0,215.0,NE,Omaha,"$87,32,985","6,294,265 Dollars",2438720.0,4%
292,293,Mathassertive,IT Services,2007.0,102.0,VA,Chantilly,"$1,08,04,178","3,549,635 Dollars",7254543.0,23%
183,184,Volzoom,Retail,2006.0,27.0,ME,Kittery,"$1,22,18,547","5,081,916 Dollars",7136631.0,10%
230,231,Chloridesfixation,Financial Services,2009.0,14.0,OH,Independence,"$1,29,24,846","2,016,500 Dollars",10908346.0,16%
136,137,Toughcare,Retail,2009.0,45.0,CA,Burbank,"$1,24,29,629","5,796,075 Dollars",6633554.0,14%
356,357,Fowlappraiser,Retail,2009.0,30.0,AZ,Chandler,"$1,01,86,376","4,638,213 Dollars",5548163.0,13%
213,214,Forearmblade,IT Services,2010.0,24.0,MD,Annapolis,"$1,57,68,818","3,279,306 Dollars",12489512.0,29%
376,377,Perfumegrown,Financial Services,2011.0,33.0,NV,Las Vegas,"$90,16,449","640,031 Dollars",8376418.0,14%
474,475,Stayspheroid,Government Services,2011.0,80.0,VA,Reston,"$81,74,923","2,093,254 Dollars",6081669.0,8%
253,254,Aldabaranbox,Software,2010.0,15.0,IN,Anderson,"$63,54,077","5,230,774 Dollars",1123303.0,26%
145,146,Geoelectronics,Software,2010.0,75.0,CA,San Diego,"$96,84,183","7,693,563 Dollars",1990620.0,18%
16,17,Ganzlax,IT Services,2011.0,75.0,NJ,Iselin,"$1,40,01,180",,11901180.0,18%
43,44,Ganzgreen,Construction,2010.0,224.0,TN,Franklin,,,,9%
428,429,Practisemax,Government Services,2001.0,441.0,VA,Herndon,"$94,26,357","5,157,735 Dollars",4268622.0,1%
388,389,Kickminstrel,IT Services,2006.0,125.0,VA,Reston,"$1,44,79,116","3,100,573 Dollars",11378543.0,16%
153,154,Vilamedia,Software,2011.0,126.0,VA,Blacksburg,"$76,05,926","3,454,719 Dollars",4151207.0,24%
113,114,Zotcare,IT Services,2005.0,75.0,GA,Atlanta,"$1,52,49,518","1,261,501 Dollars",13988017.0,21%
336,337,Asynchronous,Health,2013.0,22.0,NY,New York,"$87,20,504","2,632,756 Dollars",6087748.0,1%
266,267,Circlechop,Software,2010.0,14.0,,San Francisco,"$90,67,070","5,929,828 Dollars",3137242.0,20%
472,473,Rosychoke,IT Services,2011.0,348.0,IN,Indianapolis,"$1,41,53,970","3,408,135 Dollars",10745835.0,26%
201,202,Hotlax,IT Services,2010.0,185.0,NJ,Warren,"$1,14,73,628","2,599,091 Dollars",8874537.0,24%
361,362,Interfaceaboard,IT Services,2013.0,62.0,VA,Herndon,"$1,18,01,629","2,239,823 Dollars",9561806.0,28%
317,318,Turboprop,Retail,2010.0,42.0,MI,Rochester Hills,"$1,26,65,972","3,533,350 Dollars",9132622.0,9%
87,88,Ganjatam,IT Services,2009.0,70.0,NJ,Iselin,"$1,61,95,183","5,170,147 Dollars",11025036.0,18%
47,48,Planetice,Health,2012.0,42.0,MD,Silver Spring,"$1,07,57,724","6,782,077 Dollars",3975647.0,4%
61,62,Goodhouse,IT Services,2009.0,63.0,VA,Herndon,"$1,48,33,220","5,667,425 Dollars",9165795.0,24%
255,256,Colouredrecipe,IT Services,2010.0,34.0,KY,Louisville,"$1,38,84,717","5,663,096 Dollars",8221621.0,22%
220,221,Coatforked,Government Services,2012.0,59.0,CA,Coronado,"$1,06,26,672","1,243,956 Dollars",9382716.0,6%
221,222,Loveboyle,IT Services,2012.0,19.0,MA,Framingham,"$1,45,52,889","3,814,137 Dollars",10738752.0,19%
475,476,Barmpotfishified,Health,2013.0,168.0,IA,Coralville,"$1,02,13,365","7,045,210 Dollars",3168155.0,8%
320,321,Precincts,IT Services,2012.0,205.0,IL,Schaumburg,"$1,20,00,187","1,394,333 Dollars",10605854.0,22%
245,246,Circinuscategory,IT Services,2013.0,32.0,NJ,Cranbury,"$1,49,20,255","5,274,251 Dollars",9646004.0,28%
177,178,Techhigh,IT Services,2011.0,28.0,OH,West Chester,"$1,46,81,671","5,999,660 Dollars",8682011.0,23%
426,427,Currymercurial,IT Services,2010.0,10.0,FL,Tampa,"$1,62,21,821","3,573,280 Dollars",12648541.0,23%
202,203,E-Tex,IT Services,2003.0,85.0,OH,Columbus,"$1,62,95,163","3,974,721 Dollars",12320442.0,21%
486,487,Genusequ,Construction,2007.0,45.0,NC,Greensboro,"$84,98,464","5,741,773 Dollars",2756691.0,11%
445,446,Sculptorjelly,Health,2006.0,20.0,NC,Durham,"$1,08,75,181","5,868,631 Dollars",5006550.0,6%
239,240,Squeezebasement,Health,2010.0,1442.0,TX,Fort Worth,"$66,81,594","3,852,682 Dollars",2828912.0,7%
487,488,Fearwhimbrel,Government Services,2013.0,100.0,VA,Falls Church,"$1,06,37,944","7,238,539 Dollars",3399405.0,4%
420,421,Annoyinglyarabian,IT Services,2012.0,28.0,TX,Plano,"$1,48,98,505","1,665,920 Dollars",13232585.0,17%
133,134,Sub-Fan,Software,2014.0,24.0,MA,Boston,"$61,78,217","4,916,737 Dollars",1261480.0,17%
499,500,Allpossible,IT Services,2011.0,24.0,CA,Los Angeles,"$1,19,49,706","689,161 Dollars",11260545.0,24%
106,107,Basetrax,Construction,2011.0,28.0,NY,Buffalo,"$93,91,015","1,040,662 Dollars",8350353.0,10%
430,431,Librationmelba,IT Services,2010.0,20.0,WI,Madison,"$1,40,53,058","5,883,008 Dollars",8170050.0,20%
342,343,Federalistic,Health,2007.0,225.0,CA,San Bernardino,"$81,08,370","6,471,604 Dollars",1636766.0,6%
12,13,Techdrill,Health,2009.0,9.0,MS,Flowood,"$1,05,73,990","7,435,363 Dollars",3138627.0,8%
226,227,Handlersthroated,Retail,2011.0,167.0,MA,Boston,"$1,35,92,541","3,987,941 Dollars",9604600.0,12%
392,393,Cribcaused,Financial Services,2004.0,201.0,GA,Marietta,"$90,20,223","3,683,236 Dollars",5336987.0,15%
401,402,Dragonnode,IT Services,2013.0,144.0,VA,Falls Church,"$1,46,49,797","5,757,388 Dollars",8892409.0,22%
190,191,Silit,Construction,2007.0,26.0,VA,Chesapeake,"$1,06,92,411","7,777,972 Dollars",2914439.0,8%
3,4,Blacklane,IT Services,2011.0,66.0,CA,Orange,"$1,53,59,369","4,631,808 Dollars",10727561.0,19%
181,182,Zenzootrax,Financial Services,2010.0,289.0,IL,Chicago,"$98,37,545","2,466,042 Dollars",7371503.0,17%
476,477,Soddenfurther,Financial Services,2010.0,20.0,CA,San Diego,"$92,43,036","2,517,857 Dollars",6725179.0,19%
123,124,Dancane,Software,2010.0,42.0,CT,New Haven,"$75,56,024","3,513,209 Dollars",4042815.0,20%
80,81,Lineity,Government Services,2006.0,113.0,MA,Billerica,"$86,21,837","2,359,224 Dollars",6262613.0,4%
0,1,Over-Hex,Software,2006.0,25.0,TN,Franklin,"$96,84,527","1,130,700 Dollars",8553827.0,19%
139,140,Konkin,Health,2000.0,32.0,TX,Austin,"$83,97,677","2,753,444 Dollars",5644233.0,4%
258,259,Pointchough,Software,2014.0,36.0,MD,Baltimore,"$50,59,870","4,986,520 Dollars",73350.0,17%
186,187,K-Tone,Software,2013.0,26.0,SC,North Charleston,"$85,93,898","4,884,584 Dollars",3709314.0,18%
383,384,Befriendogle,Government Services,2009.0,52.0,MD,Bethesda,"$1,30,03,637","2,758,425 Dollars",10245212.0,6%
125,126,Sail-Lam,Government Services,2013.0,120.0,MD,Rockville,"$85,40,290","6,523,001 Dollars",2017289.0,5%
77,78,E-Can,Financial Services,2013.0,1628.0,NJ,Mount Laurel,"$82,18,086","2,958,881 Dollars",5259205.0,16%
196,197,J-Unafase,Software,2014.0,24.0,TX,Montgomery,"$18,35,717","71,219 Dollars",1764498.0,19%
189,190,Kanlux,Software,2000.0,77.0,VA,Chesapeake,"$98,68,249","4,854,787 Dollars",5013462.0,21%
494,495,Rawfishcomplete,Financial Services,2012.0,124.0,CA,Los Angeles,"$1,06,24,949","2,951,178 Dollars",7673771.0,22%
454,455,Blendplacid,Government Services,2014.0,326.0,AL,Huntsville,"$1,05,81,245","4,680,006 Dollars",5901239.0,7%
84,85,Tristone,Construction,2013.0,43.0,MD,Millersville,"$1,17,55,980","3,476,281 Dollars",8279699.0,8%
117,118,Icezunzim,Software,2012.0,14.0,VA,Richmond,"$51,50,397","4,274,358 Dollars",876039.0,20%
461,462,Yawningcricket,Financial Services,2012.0,21.0,NC,Davidson,"$1,42,47,618","3,133,190 Dollars",11114428.0,20%
217,218,Abstractedchocolat,IT Services,2009.0,2.0,VA,Stafford,"$1,20,79,562","4,960,266 Dollars",7119296.0,24%
150,151,Lexitrans,Health,2012.0,335.0,WA,Seattle,"$91,52,251","8,653,818 Dollars",498433.0,6%
436,437,Glandminer,IT Services,2011.0,55.0,CA,Santa Clara,"$1,30,65,626","2,501,327 Dollars",10564299.0,23%
393,394,Tryfanscaly,Government Services,2010.0,28.0,VA,Alexandria,"$84,56,970","7,736,439 Dollars",720531.0,4%
88,89,Sumice,Retail,2013.0,318.0,UT,Sandy,"$86,97,300","5,654,472 Dollars",3042828.0,19%
492,493,Assurehelp,IT Services,2014.0,10.0,MN,Minneapolis,"$1,50,19,551","4,004,040 Dollars",11015511.0,18%
295,296,Shovelerablaze,Construction,1999.0,150.0,IL,Downers Grove,"$60,14,864","3,570,801 Dollars",2444063.0,7%
395,396,Cogstrip,IT Services,2012.0,30.0,MN,Minneapolis,"$1,47,05,673","6,667,372 Dollars",8038301.0,25%
417,418,Blueshiftcrispy,Health,2009.0,230.0,TX,Dallas,"$96,42,189","8,823,455 Dollars",818734.0,6%
288,289,Annoyhog,Health,2009.0,90.0,FL,Medley,"$1,27,29,198","7,494,847 Dollars",5234351.0,9%
72,73,Stattechno,Health,2014.0,80.0,WA,Seattle,"$66,19,705","4,082,936 Dollars",2536769.0,10%
92,93,Fixcan,Retail,2009.0,3.0,GA,Atlanta,"$1,41,84,061","4,600,156 Dollars",9583905.0,15%
306,307,Decoratorsdecipher,Construction,2011.0,5.0,VA,Ashburn,"$89,82,358","3,820,511 Dollars",5161847.0,8%
481,482,Fatsohealth,IT Services,2009.0,21.0,SC,Florence,"$1,22,39,406","5,665,024 Dollars",6574382.0,21%
2,3,Greenfax,Retail,2012.0,,SC,Greenville,"$97,46,272","1,044,375 Dollars",8701897.0,16%
254,255,Elderlyhair,IT Services,2013.0,21.0,FL,Jacksonville,"$1,35,22,265","6,555,897 Dollars",6966368.0,20%
120,121,It-Ity,Health,2010.0,31.0,CA,Fresno,"$84,07,359","3,802,970 Dollars",4604389.0,8%
115,116,Requote,Government Services,2014.0,61.0,MD,Bethesda,"$59,94,715","5,947,864 Dollars",46851.0,10%
223,224,Siftercockamamie,Retail,2014.0,19.0,AZ,Scottsdale,"$1,46,91,389","2,498,398 Dollars",12192991.0,11%
75,76,Xx--Fase,IT Services,2012.0,430.0,TN,Nashville,"$1,40,48,981","3,944,877 Dollars",10104104.0,25%
362,363,Fluetruffles,IT Services,2001.0,81.0,MN,Minneapolis,"$1,58,48,453","5,506,036 Dollars",10342417.0,15%
424,425,Handgunheard,Retail,2011.0,67.0,ND,Jamestown,"$92,23,463","3,608,917 Dollars",5614546.0,9%
206,207,Nakedshrapnel,IT Services,2014.0,15.0,FL,Orlando,"$1,69,16,828","3,879,436 Dollars",13037392.0,20%
450,451,Appliesoverrated,IT Services,2013.0,15.0,FL,Boca Raton,"$1,75,06,421","3,726,979 Dollars",13779442.0,20%
259,260,Sootycrushing,Software,2011.0,41.0,VA,Reston,"$1,13,52,262","6,195,130 Dollars",5157132.0,20%
458,459,Portlyroomy,Financial Services,2010.0,40.0,MO,St. Louis,"$97,07,035","2,887,547 Dollars",6819488.0,16%
397,398,Ericssonsafe,IT Services,2011.0,9.0,KY,Erlanger,"$98,44,389","6,503,652 Dollars",3340737.0,19%
149,150,Scot-Lex,IT Services,2013.0,34.0,MA,Chelmsford,"$1,29,75,996","4,097,491 Dollars",8878505.0,24%
164,165,Vilahouse,Software,2011.0,12.0,CA,San Diego,"$76,62,253","7,543,897 Dollars",118356.0,23%
204,205,Acclaimedcirl,Health,2014.0,102.0,CA,Pasadena,"$44,84,095","4,177,191 Dollars",306904.0,11%
63,64,Goodtex,Government Services,2011.0,150.0,VA,Tysons Corner,"$1,31,18,996","9,860,686 Dollars",3258310.0,-3%
364,365,Grapegraves,IT Services,2005.0,21.0,DC,Washington,"$1,63,37,321","6,350,096 Dollars",9987225.0,22%
144,145,Sanzatrax,Construction,2012.0,49.0,CA,San Diego,"$62,19,995","4,489,463 Dollars",1730532.0,16%
28,29,Groovecane,Construction,2011.0,17.0,UT,South Jordan,"$68,11,168","3,560,343 Dollars",3250825.0,15%
169,170,Dripcane,IT Services,2010.0,56.0,VA,Reston,"$1,74,31,007","2,153,035 Dollars",15277972.0,20%
251,252,Estermourn,Construction,2010.0,20.0,ID,Worley,"$77,40,138","5,303,734 Dollars",2436404.0,12%
446,447,Surroundoutrageous,IT Services,2012.0,150.0,PA,North Wales,"$1,65,80,398","2,324,622 Dollars",14255776.0,23%
147,148,Trans-Dexon,Financial Services,2003.0,77.0,MA,Boston,"$1,14,47,285","1,498,325 Dollars",9948960.0,16%
83,84,Drilldrill,Software,2010.0,30.0,,San Francisco,"$78,00,620","2,785,799 Dollars",5014821.0,17%
495,496,Buretteadmirable,IT Services,2009.0,93.0,ME,Portland,"$1,54,07,450","2,833,136 Dollars",12574314.0,25%
37,38,Zun-Trax,Retail,2013.0,23.0,SC,Columbia,"$97,32,190","4,437,655 Dollars",5294535.0,12%
208,209,Judgemicrosoft,IT Services,2012.0,70.0,TX,Houston,"$1,60,93,094","3,724,605 Dollars",12368489.0,18%
103,104,Vaiatrax,Financial Services,2010.0,24.0,PA,Philadelphia,"$1,26,50,059","444,962 Dollars",12205097.0,21%
407,408,Magmarejoice,Health,2012.0,60.0,ME,Portland,"$58,94,152","3,401,348 Dollars",2492804.0,4%
20,21,Hotlane,Government Services,2012.0,87.0,AL,Huntsville,"$79,78,332","5,686,574 Dollars",2291758.0,2%
351,352,Indicated,Health,2011.0,222.0,MD,Bethesda,"$92,14,598","7,744,504 Dollars",1470094.0,10%
483,484,Baileycrowd,Health,2014.0,800.0,OH,Twinsburg,"$93,66,573","3,619,483 Dollars",5747090.0,6%
11,12,Mattouch,IT Services,2013.0,6.0,WA,Bellevue,"$1,40,26,934","7,429,377 Dollars",6597557.0,26%
10,11,Canecorporation,Health,2012.0,6.0,,New York,"$1,05,97,009","7,591,189 Dollars",3005820.0,7%
211,212,Geigerbeneficial,Financial Services,2013.0,33.0,TX,Dallas,"$1,24,70,309","1,499,830 Dollars",10970479.0,17%
287,288,Assuredcarbon,Financial Services,2010.0,23.0,FL,Summerfield,"$1,14,01,138","4,368,407 Dollars",7032731.0,13%
270,271,Matcapillary,Software,2011.0,64.0,CA,Redwood City,"$90,56,895","5,293,164 Dollars",3763731.0,17%
456,457,Allowuntidy,Financial Services,2014.0,640.0,FL,Weston,"$65,28,393","509,161 Dollars",6019232.0,13%
102,103,Sunviaway,Health,2014.0,486.0,NC,Morrisville,"$16,14,585","1,323,005 Dollars",291580.0,6%
78,79,Tonjob,Financial Services,2010.0,87.0,CA,Santa Barbara,"$84,75,261","2,364,775 Dollars",6110486.0,16%
114,115,Roundla,IT Services,2012.0,1500.0,MD,Bethesda,"$2,02,52,673","628,139 Dollars",19624534.0,20%
39,40,Newjofix,Financial Services,2010.0,90.0,CA,West Hollywood,"$1,23,39,863","1,415,312 Dollars",10924551.0,19%
184,185,Saofintone,Financial Services,2009.0,78.0,CA,San Diego,"$1,15,59,177","841,579 Dollars",10717598.0,17%
354,355,Comatulid,Health,2012.0,78.0,AZ,Tucson,"$91,44,082","3,110,199 Dollars",6033883.0,3%
38,39,Biotain,Construction,2012.0,62.0,IA,Davenport,"$1,16,42,543","4,781,280 Dollars",6861263.0,13%
199,200,Lalane,Retail,2003.0,45.0,MN,Golden Valley,"$1,24,61,526","4,934,351 Dollars",7527175.0,14%
261,262,Proteincosines,Health,2011.0,19.0,NJ,Rutherford,"$83,04,318","6,770,283 Dollars",1534035.0,9%
482,483,Abusivebong,Construction,2009.0,8.0,WI,Oshkosh,"$85,43,321","3,841,435 Dollars",4701886.0,7%
166,167,Keytouch,Construction,2013.0,35.0,CA,Vista,"$85,97,264","5,649,633 Dollars",2947631.0,9%
257,258,Bindauthorized,Health,2011.0,31.0,FL,Tampa,"$94,44,652","3,211,123 Dollars",6233529.0,6%
73,74,Conin,Construction,2009.0,23.0,CA,Rancho Dominguez,"$99,03,489","6,042,545 Dollars",3860944.0,8%
296,297,Posseratty,Retail,2014.0,13.0,TN,Memphis,"$1,13,61,118","1,450,080 Dollars",9911038.0,11%
197,198,Singlefind,Construction,2014.0,25.0,OK,Oklahoma City,"$1,17,25,679","4,944,684 Dollars",6780995.0,5%
67,68,Dongcom,Retail,2002.0,8.0,NY,Cheektowaga,"$1,44,77,085","2,772,159 Dollars",11704926.0,10%
228,229,Efferentfinished,Health,2014.0,30.0,MD,Rockville,"$54,49,870","2,140,030 Dollars",3309840.0,8%
49,50,Alphacane,Retail,2013.0,3.0,MO,O'Fallon,"$79,03,763","5,873,666 Dollars",2030097.0,14%
244,245,Peskyevaluate,IT Services,2010.0,45.0,VA,Richmond,"$1,30,11,611","4,284,410 Dollars",8727201.0,23%
176,177,Randrill,Health,2010.0,84.0,GA,Smyrna,"$82,39,229","7,802,235 Dollars",436994.0,6%
111,112,O-Touch,Health,2005.0,393.0,TX,Frisco,"$95,21,727","5,669,858 Dollars",3851869.0,4%
406,407,Toolsavagery,Retail,2007.0,10.0,FL,Tampa,"$1,09,42,107","4,491,305 Dollars",6450802.0,16%
210,211,Pursuitsskewer,IT Services,2001.0,16.0,VA,Ashburn,"$1,37,31,776","887,658 Dollars",12844118.0,23%
157,158,Voltech,Software,2009.0,23.0,NJ,Hamilton,"$1,02,11,911","5,213,751 Dollars",4998160.0,13%
156,157,Hottom,Software,2011.0,40.0,MD,Baltimore,"$93,81,784","2,093,538 Dollars",7288246.0,19%
137,138,Mathstrip,Government Services,2011.0,48.0,VA,Reston,"$1,02,36,594","5,788,684 Dollars",4447910.0,5%
282,283,Picklescrudivore,Health,2010.0,539.0,CO,Denver,"$92,95,571","2,563,500 Dollars",6732071.0,6%
97,98,Kinlax,Financial Services,2002.0,100.0,AZ,Tucson,"$1,13,80,872","6,212,849 Dollars",5168023.0,18%
268,269,Sparrowchorizo,IT Services,2011.0,425.0,CO,Broomfield,"$1,31,63,038","3,439,228 Dollars",9723810.0,21%
360,361,Mincemeatcontroller,Software,2010.0,58.0,TX,Houston,"$1,01,88,123","1,955,490 Dollars",8232633.0,19%
413,414,Footshy,Government Services,2012.0,1224.0,OH,Columbus,"$52,75,078","1,944,661 Dollars",3330417.0,7%
435,436,Marchedsausage,IT Services,2010.0,50.0,CO,Denver,"$1,46,20,121","3,370,435 Dollars",11249686.0,19%
172,173,Scotstrip,Software,2013.0,77.0,IL,Chicago,"$91,20,892","125,635 Dollars",8995257.0,20%
313,314,Fraternal,Health,2012.0,65.0,NE,Omaha,"$88,11,825","6,665,587 Dollars",2146238.0,8%
205,206,Frayedintrigue,IT Services,2014.0,211.0,TX,Addison,"$1,28,46,678","1,435,103 Dollars",11411575.0,19%
94,95,Tamtex,Government Services,2009.0,98.0,VA,Fredericksburg,"$1,12,05,036","3,840,144 Dollars",7364892.0,10%
294,295,Optimismexterior,Construction,2009.0,28.0,IL,Bellwood,"$84,27,020","4,316,632 Dollars",4110388.0,9%
82,83,Xn-Media,Health,2012.0,104.0,NJ,Lyndhurst,"$78,63,279","5,975,968 Dollars",1887311.0,5%
311,312,Interpaving,Health,2009.0,837.0,TX,Lewisville,"$1,17,65,508","5,344,672 Dollars",6420836.0,4%
263,264,Chadhelpful,IT Services,2011.0,62.0,MA,Boston,"$1,04,62,149","3,738,581 Dollars",6723568.0,23%
224,225,Chirpskipping,Health,2013.0,1107.0,NE,Omaha,"$1,06,43,314","5,666,733 Dollars",4976581.0,10%
278,279,Hypergalaxypegasus,Construction,2009.0,103.0,UT,Centerville,"$91,27,759","2,005,195 Dollars",7122564.0,11%
479,480,Excellencerecent,Health,2010.0,381.0,TX,Farmers Branch,"$1,06,11,567","7,617,420 Dollars",2994147.0,5%
326,327,Cyaneous,Construction,2012.0,58.0,IL,Oakbrook Terrace,"$79,14,722","7,818,649 Dollars",96073.0,5%
473,474,Valuesbilled,IT Services,2013.0,95.0,NY,New York,"$1,32,14,550","7,479,813 Dollars",5734737.0,20%
265,266,Reliablepaver,IT Services,2011.0,91.0,CA,North Hollywood,"$2,18,10,051","3,354,029 Dollars",18456022.0,21%
4,5,Yearflex,Software,2013.0,45.0,WI,Madison,"$85,67,910","4,374,841 Dollars",4193069.0,19%
319,320,Protractile,IT Services,1999.0,18.0,CO,Arvada,"$1,33,98,615","3,834,886 Dollars",9563729.0,20%
93,94,Technodexon,Software,2006.0,327.0,UT,Provo,"$1,15,54,383","3,538,667 Dollars",8015716.0,17%
118,119,Hottam,Software,2011.0,25.0,IN,Indianapolis,"$94,22,075","1,875,020 Dollars",7547055.0,20%
328,329,Unexotically,IT Services,2010.0,146.0,GA,Atlanta,"$1,36,69,802","4,919,209 Dollars",8750593.0,25%
416,417,Launchbiggest,IT Services,2014.0,29.0,MO,St. Louis,"$1,41,69,187","3,850,631 Dollars",10318556.0,20%
465,466,Hayloftmizuna,Health,2013.0,117.0,CT,Brookfield,"$1,53,12,302","6,137,907 Dollars",9174395.0,6%
496,497,Inventtremendous,Construction,2009.0,24.0,MN,Woodbury,"$91,44,857","4,755,995 Dollars",4388862.0,11%
409,410,Waggerhooves,IT Services,2009.0,39.0,FL,Tampa,"$1,32,22,254","4,879,893 Dollars",8342361.0,23%
51,52,Iceice,Government Services,2010.0,21.0,WV,Star City,"$63,52,466","1,455,581 Dollars",4896885.0,6%
291,292,Kestrelpumpion,Financial Services,2011.0,1387.0,CA,Santa Ana,"$90,23,857","4,453,820 Dollars",4570037.0,13%
293,294,Wightmuon,Retail,2013.0,13.0,TX,San Antonio,"$87,73,124","7,957,743 Dollars",815381.0,12%
427,428,Totallyzonked,IT Services,2013.0,53.0,CA,Santa Clara,"$1,25,06,219","6,688,379 Dollars",5817840.0,20%
25,26,Dalthow,Health,2000.0,20.0,GA,Dacula,"$1,08,00,718","7,731,820 Dollars",3068898.0,7%
314,315,Falbala,Retail,2012.0,73.0,CT,Norwalk,"$1,58,80,376","6,266,037 Dollars",9614339.0,13%
64,65,Ranquote,Health,2013.0,400.0,GA,Alpharetta,"$71,47,363","4,206,340 Dollars",2941023.0,6%
353,354,Tantalous,Financial Services,2011.0,50.0,NY,Woodstock,"$99,50,947","441,750 Dollars",9509197.0,13%
8,9,Lamtone,IT Services,2009.0,55.0,CA,San Ramon,"$1,17,57,018","6,482,465 Dollars",5274553.0,30%
167,168,Kincon,Software,2009.0,130.0,MI,Ann Arbor,"$1,22,39,282","2,973,757 Dollars",9265525.0,17%
378,379,Stovepuck,Retail,2013.0,73.0,,New York,"$1,38,14,975","5,904,502 Dollars",7910473.0,10%
462,463,Friendlego,Construction,2012.0,38.0,NJ,Westfield,"$91,76,783","4,279,255 Dollars",4897528.0,8%
194,195,Xx-Bam,Software,2009.0,140.0,FL,Orlando,"$1,42,29,411","2,327,339 Dollars",11902072.0,20%
418,419,Twistedelephant,IT Services,2011.0,150.0,NY,New York,"$1,69,17,213","2,814,394 Dollars",14102819.0,16%
7,8,Rednimdox,Construction,2013.0,73.0,NY,Woodside,,,,
433,434,Admitruppell,Retail,2010.0,47.0,UT,Lehi,"$1,13,75,526","1,511,586 Dollars",9863940.0,12%
229,230,Trogleguarantee,IT Services,2008.0,53.0,GA,Canton,"$1,28,82,726","3,769,434 Dollars",9113292.0,21%
305,306,Fatcoffle,Construction,2011.0,28.0,OR,Portland,"$92,74,105","4,829,430 Dollars",4444675.0,12%
372,373,Dillimported,Health,2002.0,30.0,TX,Humble,"$97,24,730","9,712,296 Dollars",12434.0,3%
56,57,Nimvivafind,Financial Services,2009.0,34.0,NJ,Newark,"$1,16,05,855","2,632,247 Dollars",8973608.0,19%
180,181,Joblab,Government Services,2012.0,250.0,VA,Herndon,"$1,02,16,792","3,436,060 Dollars",6780732.0,10%
98,99,Inchkix,Health,2011.0,29.0,MA,Northampton,"$87,24,297","7,427,040 Dollars",1297257.0,7%
212,213,Relishtreasure,Government Services,2010.0,25.0,VA,Sterling,"$99,59,049","1,432,738 Dollars",8526311.0,4%
396,397,Announcesbuck,Health,2013.0,370.0,FL,Deerfield Beach,"$61,46,640","4,390,260 Dollars",1756380.0,7%
29,30,Tambase,Software,2010.0,29.0,AZ,Scottsdale,"$91,41,817","2,394,135 Dollars",6747682.0,21%
192,193,Zummalux,Government Services,2011.0,13.0,MD,Woodbine,"$1,07,29,022","4,113,479 Dollars",6615543.0,5%
159,160,Zathtechi,Software,2003.0,87.0,CA,San Jose,"$61,87,775","2,286,092 Dollars",3901683.0,23%
26,27,Ranktech,Government Services,2010.0,607.0,FL,Tampa,"$1,05,15,557","7,439,384 Dollars",3076173.0,8%
162,163,Zer-Plus,Software,2008.0,27.0,MA,Franklin,"$58,48,690","5,240,164 Dollars",608526.0,26%
489,490,Suckedregister,Retail,2010.0,100.0,TX,Houston,"$1,15,11,235","3,995,152 Dollars",7516083.0,10%
309,310,Lipped,IT Services,2009.0,137.0,VA,Chantilly,"$1,32,75,051","2,682,894 Dollars",10592157.0,19%
231,232,Raisinscotta,IT Services,2003.0,48.0,SC,Irmo,"$1,53,93,471","6,652,796 Dollars",8740675.0,22%
338,339,Outspruing,IT Services,2012.0,80.0,IL,Chicago,"$1,69,09,917","5,468,575 Dollars",11441342.0,21%
227,228,Boundextrasmall,Health,2010.0,110.0,PA,Willow Grove,"$88,38,341","6,521,158 Dollars",2317183.0,4%
58,59,Hot-Electrics,IT Services,2006.0,46.0,GA,Augusta,"$1,72,14,068","1,412,142 Dollars",15801926.0,16%
382,383,Flexthirsty,Health,2011.0,9.0,CA,Huntington Beach,"$69,81,026","5,767,852 Dollars",1213174.0,3%
54,55,Toughway,Financial Services,2010.0,219.0,FL,St. Petersburg,"$1,34,42,136","3,291,056 Dollars",10151080.0,19%
347,348,Unsurmountable,Software,2014.0,106.0,CA,Irvine,"$82,15,508","4,262,906 Dollars",3952602.0,16%
419,420,Whinchatdates,Health,2012.0,39.0,PA,Shillington,"$74,75,092","3,097,499 Dollars",4377593.0,14%
112,113,Flexlane,IT Services,2004.0,120.0,MI,Novi,"$1,27,33,374","4,666,917 Dollars",8066457.0,23%
350,351,Golliwogg,IT Services,2009.0,41.0,TX,Houston,"$99,44,083","3,254,899 Dollars",6689184.0,20%
310,311,Sweater,Health,2014.0,403.0,OH,Westlake,"$91,27,416","5,014,081 Dollars",4113335.0,5%
52,53,Fixquadtech,Health,2012.0,85.0,PA,Philadelphia,"$82,99,901","6,968,474 Dollars",1331427.0,8%
440,441,Grippingstirring,Construction,2012.0,120.0,TX,Mansfield,"$44,19,277","2,890,906 Dollars",1528371.0,11%
453,454,Glazetwang,IT Services,2014.0,50.0,TX,Haltom City,"$1,48,64,586","1,188,169 Dollars",13676417.0,17%
331,332,Westminster,Financial Services,2010.0,,MI,Troy,"$1,18,61,652","5,245,126 Dollars",6616526.0,15%
15,16,Kayelectronics,Health,2009.0,687.0,NC,Clayton,"$94,51,943","3,878,113 Dollars",5573830.0,4%
271,272,Presslute,Construction,2011.0,37.0,CA,El Cajon,"$1,06,18,249","4,669,810 Dollars",5948439.0,15%
160,161,Sunsaolax,Health,2013.0,15.0,WA,Redmond,"$71,51,103","5,835,473 Dollars",1315630.0,7%
250,251,Clocksgarrulous,Government Services,2014.0,29.0,VA,Falls Church,"$1,02,78,001","4,618,266 Dollars",5659735.0,4%
24,25,Tampware,Construction,2011.0,13.0,TX,Houston,"$97,85,982","2,910,756 Dollars",6875226.0,11%
318,319,Parhelion,IT Services,2012.0,23.0,VA,Sterling,"$1,31,57,679","7,451,573 Dollars",5706106.0,15%
79,80,Flextone,Financial Services,2010.0,250.0,FL,Boca Raton,"$1,03,35,149","2,494,384 Dollars",7840765.0,19%
238,239,Glaciertolerant,Retail,2013.0,1.0,GA,Atlanta,"$1,01,74,843","4,696,022 Dollars",5478821.0,8%
321,322,Hookiest,IT Services,2005.0,40.0,CA,Bakersfield,"$96,91,133","5,204,053 Dollars",4487080.0,23%
466,467,Thalliumwould,IT Services,2014.0,278.0,NY,Clifton Park,"$1,07,08,327","8,866,642 Dollars",1841685.0,21%
497,498,Overviewparrot,Retail,2011.0,7125.0,TX,Fort Worth,"$1,11,34,728","5,152,110 Dollars",5982618.0,12%
35,36,Triojob,Financial Services,2011.0,33.0,TX,Dallas,"$94,03,633","223,602 Dollars",9180031.0,18%
402,403,Australisbetter,Health,2010.0,1600.0,CA,El Segundo,"$1,10,78,804","5,006,435 Dollars",6072369.0,12%
23,24,Quozap,Software,2004.0,21.0,NJ,Collingswood,"$83,04,480","7,019,973 Dollars",1284507.0,20%
459,460,Rustyentertain,Construction,2012.0,23.0,TX,Carrollton,"$96,46,815","1,680,823 Dollars",7965992.0,12%
429,430,Slicerseptum,IT Services,2014.0,169.0,IL,Chicago,"$1,47,75,286","4,510,084 Dollars",10265202.0,26%
438,439,Enterwaist,IT Services,2010.0,126.0,WA,Bellevue,"$1,18,58,282","5,159,202 Dollars",6699080.0,19%
327,328,Implorer,Financial Services,2009.0,70.0,IL,Lombard,"$1,13,21,475","5,633,955 Dollars",5687520.0,17%
477,478,Drudgelepe,Health,2009.0,22.0,ID,Moscow,"$87,86,459","6,375,919 Dollars",2410540.0,3%
323,324,Amphithalamus,IT Services,2009.0,16.0,FL,Boca Raton,"$1,43,54,655","3,922,559 Dollars",10432096.0,22%
400,401,Loosepause,Financial Services,2006.0,85.0,FL,Sunrise,"$1,20,08,935","3,285,445 Dollars",8723490.0,19%
480,481,Condemnedgenuine,Government Services,2013.0,28.0,MD,Silver Spring,"$89,98,948","4,222,422 Dollars",4776526.0,6%
247,248,Waterka,Government Services,2005.0,115.0,MD,Columbia,"$61,40,424","6,017,012 Dollars",123412.0,4%
198,199,Icephase,IT Services,2010.0,29.0,VA,Glen Allen,"$1,30,98,201","6,105,205 Dollars",6992996.0,20%
96,97,Kaysolodex,IT Services,2012.0,2670.0,MI,Madison Heights,"$1,33,10,294","5,879,731 Dollars",7430563.0,23%
345,346,Outbraving,Health,2011.0,135.0,TX,Austin,"$91,16,942","5,747,352 Dollars",3369590.0,7%
214,215,Nervousdispatcher,Financial Services,2011.0,80.0,NY,New York,"$69,55,439","409,237 Dollars",6546202.0,16%
285,286,Februaryvanadium,IT Services,2010.0,116.0,MA,Rockland,"$1,27,75,650","5,531,004 Dollars",7244646.0,25%
